<?xml version="1.0" encoding="UTF-8"?>
<metadata xml:lang="es"><Esri><CreaDate>20200224</CreaDate><CreaTime>15142800</CreaTime><ArcGISFormat>1.0</ArcGISFormat><SyncOnce>TRUE</SyncOnce><DataProperties><lineage><Process ToolSource="c:\program files (x86)\arcgis\desktop10.3\ArcToolbox\Toolboxes\Data Management Tools.tbx\CalculateField" Date="20200130" Time="114459">CalculateField limites_2019_actualizados IDDIST [UBIGEO] VB #</Process></lineage><itemProps><itemLocation><linkage Sync="TRUE">file://\\DPILLCO\MIXI\LIMITES_24012020\LIMITE_DIST\LIMITE_DIST</linkage><protocol Sync="TRUE">Local Area Network</protocol></itemLocation></itemProps><copyHistory><copy source="D:\COMPARTIDO\MIXI\LIMITES_24012020\LIMITE_DIST" dest="\\DPILLCO\MIXI\LIMITES_24012020\LIMITE_DIST\LIMITE_DIST" date="20200224" time="15153200"></copy></copyHistory></DataProperties></Esri></metadata>
